OID_,OBJECT_ID,KODE_DESA,DESA,KODE,PROVINSI,KAB_KOTA,KECAMATAN,DESA_KELUR,JUMLAH_PEN,JUMLAH_KK,LUAS_WILAY,KEPADATAN,Shape_Length,Shape_Area,Point_Count
1,25477.000000000000000,3173031006,KEAGUNGAN,317303.000000000000000,DKI JAKARTA,JAKARTA BARAT,TAMAN SARI,KEAGUNGAN,21609.000000000000000,7255.000000000000000,0.360000000000000,60504.000000000000000,2593.777072733740169,353146.446460016130004,0
2,25478.000000000000000,3173031007,GLODOK,317303.000000000000000,DKI JAKARTA,JAKARTA BARAT,TAMAN SARI,GLODOK,9069.000000000000000,3273.000000000000000,0.370000000000000,24527.000000000000000,2405.312827081334945,365613.045392952975817,0
3,25397.000000000000000,3171031003,HARAPAN MULIA,317103.000000000000000,DKI JAKARTA,JAKARTA PUSAT,KEMAYORAN,HARAPAN MULIA,29085.000000000000000,9217.000000000000000,0.530000000000000,54465.000000000000000,3645.967517071846942,528012.883931374177337,2
4,25400.000000000000000,3171031006,CEMPAKA BARU,317103.000000000000000,DKI JAKARTA,JAKARTA PUSAT,KEMAYORAN,CEMPAKA BARU,41913.000000000000000,13766.000000000000000,0.970000000000000,42993.000000000000000,5140.281409521427122,963937.925576655659825,1
5,25390.000000000000000,3171021001,PASAR BARU,317102.000000000000000,DKI JAKARTA,JAKARTA PUSAT,SAWAH BESAR,PASAR BARU,15793.000000000000000,5599.000000000000000,1.760000000000000,8971.000000000000000,6359.437338283782992,1740570.101908612297848,2
6,25391.000000000000000,3171021002,KARANG ANYAR,317102.000000000000000,DKI JAKARTA,JAKARTA PUSAT,SAWAH BESAR,KARANG ANYAR,33383.000000000000000,11276.000000000000000,0.470000000000000,71628.000000000000000,3208.680063742304810,460837.364984127925709,0
7,25394.000000000000000,3171021005,MANGGA DUA SELATAN,317102.000000000000000,DKI JAKARTA,JAKARTA PUSAT,SAWAH BESAR,MANGGA DUA SELATAN,35906.000000000000000,12817.000000000000000,1.310000000000000,27463.000000000000000,5031.695750275387581,1292844.173286977224052,0
8,25386.000000000000000,3171011003,PETOJO UTARA,317101.000000000000000,DKI JAKARTA,JAKARTA PUSAT,GAMBIR,PETOJO UTARA,21828.000000000000000,7328.000000000000000,1.140000000000000,19144.000000000000000,4161.668489418341778,1127351.763423362746835,0
9,25403.000000000000000,3171041001,SENEN,317104.000000000000000,DKI JAKARTA,JAKARTA PUSAT,SENEN,SENEN,8643.000000000000000,3049.000000000000000,0.820000000000000,10594.000000000000000,5587.516632286644381,806673.995318299741484,5
10,25408.000000000000000,3171041006,BUNGUR,317104.000000000000000,DKI JAKARTA,JAKARTA PUSAT,SENEN,BUNGUR,23001.000000000000000,7944.000000000000000,0.670000000000000,34418.000000000000000,3260.135702117594519,660760.725281250546686,0
11,25409.000000000000000,3171051001,CEMPAKA PUTIH TIMUR,317105.000000000000000,DKI JAKARTA,JAKARTA PUSAT,CEMPAKA PUTIH,CEMPAKA PUTIH TIMUR,29735.000000000000000,9812.000000000000000,2.200000000000000,13512.000000000000000,6704.591902327611933,2175879.841898969374597,3
12,25411.000000000000000,3171051003,RAWASARI,317105.000000000000000,DKI JAKARTA,JAKARTA PUSAT,CEMPAKA PUTIH,RAWASARI,27113.000000000000000,9244.000000000000000,1.240000000000000,21803.000000000000000,5596.292492088554354,1229492.983198601286858,0
13,25412.000000000000000,3171061001,MENTENG,317106.000000000000000,DKI JAKARTA,JAKARTA PUSAT,MENTENG,MENTENG,31780.000000000000000,10407.000000000000000,2.450000000000000,12985.000000000000000,7681.402087828800177,2419552.600754403974861,2
14,25414.000000000000000,3171061003,CIKINI,317106.000000000000000,DKI JAKARTA,JAKARTA PUSAT,MENTENG,CIKINI,10410.000000000000000,3589.000000000000000,0.800000000000000,13044.000000000000000,4077.575048664672067,789007.615846705157310,0
15,25420.000000000000000,3171071004,PETAMBURAN,317107.000000000000000,DKI JAKARTA,JAKARTA PUSAT,TANAH ABANG,PETAMBURAN,43497.000000000000000,14074.000000000000000,0.890000000000000,48691.000000000000000,4759.343477887449808,883160.177293016109616,1
16,25421.000000000000000,3171071005,KEBON MELATI,317107.000000000000000,DKI JAKARTA,JAKARTA PUSAT,TANAH ABANG,KEBON MELATI,41344.000000000000000,14045.000000000000000,1.260000000000000,32685.000000000000000,4709.583563366258204,1250528.009545868495479,0
17,25425.000000000000000,3171081002,KAMPUNG RAWA,317108.000000000000000,DKI JAKARTA,JAKARTA PUSAT,JOHAR BARU,KAMPUNG RAWA,27348.000000000000000,8426.000000000000000,0.290000000000000,94196.000000000000000,2670.708982813179318,287059.846611556888092,0
18,25441.000000000000000,3172031002,TUGU UTARA,317203.000000000000000,DKI JAKARTA,JAKARTA UTARA,KOJA,TUGU UTARA,86287.000000000000000,27656.000000000000000,2.340000000000000,36802.000000000000000,6602.686486727027841,2318839.431720546912402,0
19,25429.000000000000000,3172011002,KAMAL MUARA,317201.000000000000000,DKI JAKARTA,JAKARTA UTARA,PENJARINGAN,KAMAL MUARA,15051.000000000000000,4763.000000000000000,11.359999999999999,1325.000000000000000,17216.481511592966854,11107915.320855259895325,0
20,25432.000000000000000,3172011005,PLUIT,317201.000000000000000,DKI JAKARTA,JAKARTA UTARA,PENJARINGAN,PLUIT,55885.000000000000000,18463.000000000000000,7.790000000000000,7177.000000000000000,25840.271286952443916,7268151.211291843093932,2
21,25442.000000000000000,3172031003,LAGOA,317203.000000000000000,DKI JAKARTA,JAKARTA UTARA,KOJA,LAGOA,74851.000000000000000,24071.000000000000000,1.590000000000000,47005.000000000000000,5470.371244789178490,1574959.728502466576174,0
22,25435.000000000000000,3172021003,PAPANGGO,317202.000000000000000,DKI JAKARTA,JAKARTA UTARA,TANJUNG PRIOK,PAPANGGO,49062.000000000000000,15724.000000000000000,3.060000000000000,16033.000000000000000,8610.923148769694308,3026111.314688823651522,0
23,25436.000000000000000,3172021004,SUNGAI BAMBU,317202.000000000000000,DKI JAKARTA,JAKARTA UTARA,TANJUNG PRIOK,SUNGAI BAMBU,37423.000000000000000,12456.000000000000000,2.350000000000000,15943.000000000000000,9347.232553361247483,2321365.959235541522503,0
24,25437.000000000000000,3172021005,KEBON BAWANG,317202.000000000000000,DKI JAKARTA,JAKARTA UTARA,TANJUNG PRIOK,KEBON BAWANG,64447.000000000000000,21229.000000000000000,1.750000000000000,36888.000000000000000,5662.868185259433631,1727875.073992872145027,1
25,25439.000000000000000,3172021007,WARAKAS,317202.000000000000000,DKI JAKARTA,JAKARTA UTARA,TANJUNG PRIOK,WARAKAS,56502.000000000000000,18648.000000000000000,1.080000000000000,52152.000000000000000,4305.721531274255540,1071450.348061982309446,0
26,25440.000000000000000,3172031001,KOJA,317203.000000000000000,DKI JAKARTA,JAKARTA UTARA,KOJA,KOJA,35891.000000000000000,12202.000000000000000,2.620000000000000,13682.000000000000000,7365.015811877056876,2574462.778387915808707,0
27,25444.000000000000000,3172031005,TUGU SELATAN,317203.000000000000000,DKI JAKARTA,JAKARTA UTARA,KOJA,TUGU SELATAN,49037.000000000000000,15177.000000000000000,1.880000000000000,26085.000000000000000,6022.208492674520130,1859126.231833663303405,0
28,25445.000000000000000,3172031006,RAWA BADAK SELATAN,317203.000000000000000,DKI JAKARTA,JAKARTA UTARA,KOJA,RAWA BADAK SELATAN,53360.000000000000000,17123.000000000000000,1.840000000000000,29064.000000000000000,5589.573365169735553,1815675.276511959964409,0
29,25446.000000000000000,3172041001,CILINCING,317204.000000000000000,DKI JAKARTA,JAKARTA UTARA,CILINCING,CILINCING,55102.000000000000000,17275.000000000000000,7.340000000000000,7505.000000000000000,19775.124063668197778,7002352.262127542868257,0
30,25471.000000000000000,3173021007,WIJAYA KUSUMA,317302.000000000000000,DKI JAKARTA,JAKARTA BARAT,GROGOL PETAMBURAN,WIJAYA KUSUMA,48348.000000000000000,15730.000000000000000,2.300000000000000,20986.000000000000000,6816.550851831638283,2277814.613690710626543,1
31,25449.000000000000000,3172041004,KALIBARU,317204.000000000000000,DKI JAKARTA,JAKARTA UTARA,CILINCING,KALIBARU,86964.000000000000000,28183.000000000000000,2.530000000000000,34416.000000000000000,11901.089851055157851,2483949.340677135158330,0
32,25451.000000000000000,3172041006,ROROTAN,317204.000000000000000,DKI JAKARTA,JAKARTA UTARA,CILINCING,ROROTAN,50167.000000000000000,15002.000000000000000,10.609999999999999,4726.000000000000000,15493.994866149778318,10358338.832905974239111,0
33,25452.000000000000000,3172041007,SEMPER BARAT,317204.000000000000000,DKI JAKARTA,JAKARTA UTARA,CILINCING,SEMPER BARAT,86583.000000000000000,28354.000000000000000,3.300000000000000,26223.000000000000000,10460.699067114252102,3265444.526529247872531,0
34,25453.000000000000000,3172051001,PADEMANGAN TIMUR,317205.000000000000000,DKI JAKARTA,JAKARTA UTARA,PADEMANGAN,PADEMANGAN TIMUR,45083.000000000000000,14915.000000000000000,2.910000000000000,15499.000000000000000,7843.982805083725907,2876363.584440331906080,1
35,25454.000000000000000,3172051002,PADEMANGAN BARAT,317205.000000000000000,DKI JAKARTA,JAKARTA UTARA,PADEMANGAN,PADEMANGAN BARAT,93530.000000000000000,31530.000000000000000,1.550000000000000,60208.000000000000000,5930.643725744514995,1536175.167534498963505,2
36,25455.000000000000000,3172051003,ANCOL,317205.000000000000000,DKI JAKARTA,JAKARTA UTARA,PADEMANGAN,ANCOL,29886.000000000000000,10266.000000000000000,7.920000000000000,3774.000000000000000,27078.225502731227607,7792419.871648214757442,2
37,25456.000000000000000,3172061001,KELAPA GADING TIMUR,317206.000000000000000,DKI JAKARTA,JAKARTA UTARA,KELAPA GADING,KELAPA GADING TIMUR,40012.000000000000000,13327.000000000000000,3.190000000000000,12542.000000000000000,8696.427012048845427,3154623.633075512479991,0
38,25459.000000000000000,3173011001,CENGKARENG BARAT,317301.000000000000000,DKI JAKARTA,JAKARTA BARAT,CENGKARENG,CENGKARENG BARAT,80638.000000000000000,25160.000000000000000,3.880000000000000,20786.000000000000000,10170.866393919171969,3835801.459741593338549,2
39,25476.000000000000000,3173031005,MANGGA BESAR,317303.000000000000000,DKI JAKARTA,JAKARTA BARAT,TAMAN SARI,MANGGA BESAR,9198.000000000000000,3226.000000000000000,0.550000000000000,16637.000000000000000,3096.123252028795832,546692.182392768329009,2
40,25463.000000000000000,3173011005,KAPUK,317301.000000000000000,DKI JAKARTA,JAKARTA BARAT,CENGKARENG,KAPUK,167523.000000000000000,53227.000000000000000,6.140000000000000,27282.000000000000000,15658.705370115005280,6071488.289280157536268,0
41,25464.000000000000000,3173011006,CENGKARENG TIMUR,317301.000000000000000,DKI JAKARTA,JAKARTA BARAT,CENGKARENG,CENGKARENG TIMUR,100081.000000000000000,32211.000000000000000,3.750000000000000,26691.000000000000000,13524.802515633315124,3707377.228471827693284,2
42,25466.000000000000000,3173021002,TANJUNG DUREN UTARA,317302.000000000000000,DKI JAKARTA,JAKARTA BARAT,GROGOL PETAMBURAN,TANJUNG DUREN UTARA,20603.000000000000000,7041.000000000000000,1.320000000000000,15611.000000000000000,6092.341819774561372,1304870.883775193244219,0
43,25468.000000000000000,3173021004,JELAMBAR,317302.000000000000000,DKI JAKARTA,JAKARTA BARAT,GROGOL PETAMBURAN,JELAMBAR,36680.000000000000000,12027.000000000000000,1.600000000000000,22916.000000000000000,5866.782572796235399,1582595.649694000370800,2
44,25484.000000000000000,3173041005,KRENDANG,317304.000000000000000,DKI JAKARTA,JAKARTA BARAT,TAMBORA,KRENDANG,25192.000000000000000,8313.000000000000000,0.330000000000000,75883.000000000000000,2616.184454379255385,328260.634402792551555,0
45,25492.000000000000000,3173051002,SUKABUMI UTARA,317305.000000000000000,DKI JAKARTA,JAKARTA BARAT,KEBON JERUK,SUKABUMI UTARA,47398.000000000000000,14415.000000000000000,1.540000000000000,30871.000000000000000,5269.271247856412629,1517777.712978598894551,1
46,25493.000000000000000,3173051003,SUKABUMI SELATAN,317305.000000000000000,DKI JAKARTA,JAKARTA BARAT,KEBON JERUK,SUKABUMI SELATAN,46386.000000000000000,14048.000000000000000,1.360000000000000,34026.000000000000000,4866.726927741943655,1347540.146720956312492,1
47,25494.000000000000000,3173051004,KELAPA DUA,317305.000000000000000,DKI JAKARTA,JAKARTA BARAT,KEBON JERUK,KELAPA DUA,28843.000000000000000,8701.000000000000000,1.360000000000000,21185.000000000000000,6279.082908598798895,1345886.544414409901947,1
48,25495.000000000000000,3173051005,DURI KEPA,317305.000000000000000,DKI JAKARTA,JAKARTA BARAT,KEBON JERUK,DURI KEPA,72834.000000000000000,23494.000000000000000,3.700000000000000,19679.000000000000000,8850.462956899893470,3659159.205968348309398,0
49,25496.000000000000000,3173051006,KEDOYA UTARA,317305.000000000000000,DKI JAKARTA,JAKARTA BARAT,KEBON JERUK,KEDOYA UTARA,55356.000000000000000,17461.000000000000000,2.940000000000000,18856.000000000000000,8768.527989707894449,2902432.548758671618998,2
50,25497.000000000000000,3173051007,KEDOYA SELATAN,317305.000000000000000,DKI JAKARTA,JAKARTA BARAT,KEBON JERUK,KEDOYA SELATAN,39331.000000000000000,12306.000000000000000,2.590000000000000,15207.000000000000000,8781.686805523304429,2556965.216797574888915,1
51,25502.000000000000000,3173061005,PEGADUNGAN,317306.000000000000000,DKI JAKARTA,JAKARTA BARAT,KALIDERES,PEGADUNGAN,89881.000000000000000,28034.000000000000000,7.580000000000000,11852.000000000000000,11612.102709232991401,7496768.046890106983483,0
52,25503.000000000000000,3173071001,PALMERAH,317307.000000000000000,DKI JAKARTA,JAKARTA BARAT,PAL MERAH,PALMERAH,77404.000000000000000,24338.000000000000000,2.220000000000000,34839.000000000000000,6645.667116433430238,2196396.335524791385978,0
53,25508.000000000000000,3173071006,KOTA BAMBU SELATAN,317307.000000000000000,DKI JAKARTA,JAKARTA BARAT,PAL MERAH,KOTA BAMBU SELATAN,26713.000000000000000,8489.000000000000000,0.590000000000000,45146.000000000000000,4184.024565506564613,584981.717255699099042,0
54,25596.000000000000000,3175031004,RAWA BUNGA,317503.000000000000000,DKI JAKARTA,JAKARTA TIMUR,JATINEGARA,RAWA BUNGA,26604.000000000000000,8823.000000000000000,0.770000000000000,34665.000000000000000,3897.318288824942101,758697.203513797605410,0
55,25509.000000000000000,3173081001,KEMBANGAN UTARA,317308.000000000000000,DKI JAKARTA,JAKARTA BARAT,KEMBANGAN,KEMBANGAN UTARA,66547.000000000000000,20664.000000000000000,4.240000000000000,15699.000000000000000,12842.323098371047308,4190843.572049715090543,0
56,25510.000000000000000,3173081002,MERUYA UTARA,317308.000000000000000,DKI JAKARTA,JAKARTA BARAT,KEMBANGAN,MERUYA UTARA,53207.000000000000000,17068.000000000000000,4.290000000000000,12393.000000000000000,11823.340687830184834,4216687.684528105892241,0
57,25512.000000000000000,3173081004,SRENGSENG,317308.000000000000000,DKI JAKARTA,JAKARTA BARAT,KEMBANGAN,SRENGSENG,54909.000000000000000,16881.000000000000000,4.590000000000000,11962.000000000000000,10885.490017737045491,4537635.079535554163158,0
58,25518.000000000000000,3174011004,KEBON BARU,317401.000000000000000,DKI JAKARTA,JAKARTA SELATAN,TEBET,KEBON BARU,43498.000000000000000,13886.000000000000000,1.280000000000000,33936.000000000000000,6098.017031566800142,1267066.098300906596705,0
59,25520.000000000000000,3174011006,MANGGARAI SELATAN,317401.000000000000000,DKI JAKARTA,JAKARTA SELATAN,TEBET,MANGGARAI SELATAN,28306.000000000000000,9343.000000000000000,0.570000000000000,49780.000000000000000,3571.842510335562110,562124.686216776608489,0
60,25522.000000000000000,3174021001,SETIA BUDI,317402.000000000000000,DKI JAKARTA,JAKARTA SELATAN,SETIABUDI,SETIA BUDI,3632.000000000000000,1321.000000000000000,0.680000000000000,5340.000000000000000,3486.112524697159643,672435.067256996175274,3
61,25523.000000000000000,3174021002,KARET SEMANGGI,317402.000000000000000,DKI JAKARTA,JAKARTA SELATAN,SETIABUDI,KARET SEMANGGI,3275.000000000000000,1222.000000000000000,0.920000000000000,3572.000000000000000,4414.530479360762911,906405.347842564107850,3
62,25524.000000000000000,3174021003,KARET KUNINGAN,317402.000000000000000,DKI JAKARTA,JAKARTA SELATAN,SETIABUDI,KARET KUNINGAN,19490.000000000000000,6497.000000000000000,1.760000000000000,11070.000000000000000,6355.577522594237962,1740433.678573426092044,2
63,25526.000000000000000,3174021005,MENTENG ATAS,317402.000000000000000,DKI JAKARTA,JAKARTA SELATAN,SETIABUDI,MENTENG ATAS,34110.000000000000000,11397.000000000000000,1.070000000000000,31903.000000000000000,5925.792454154127881,1056944.986727977404371,0
64,25527.000000000000000,3174021006,PASAR MANGGIS,317402.000000000000000,DKI JAKARTA,JAKARTA SELATAN,SETIABUDI,PASAR MANGGIS,32972.000000000000000,10983.000000000000000,0.790000000000000,41799.000000000000000,4523.341460243469555,779822.360340244485997,2
65,25528.000000000000000,3174021007,GUNTUR,317402.000000000000000,DKI JAKARTA,JAKARTA SELATAN,SETIABUDI,GUNTUR,4780.000000000000000,1706.000000000000000,0.560000000000000,8583.000000000000000,3441.481987003174254,550564.175507415202446,1
66,25529.000000000000000,3174021008,KUNINGAN TIMUR,317402.000000000000000,DKI JAKARTA,JAKARTA SELATAN,SETIABUDI,KUNINGAN TIMUR,7309.000000000000000,2515.000000000000000,2.240000000000000,3267.000000000000000,6150.857731480405164,2211173.481321290601045,5
67,25530.000000000000000,3174031001,MAMPANG PRAPATAN,317403.000000000000000,DKI JAKARTA,JAKARTA SELATAN,MAMPANG PRAPATAN,MAMPANG PRAPATAN,22650.000000000000000,7256.000000000000000,0.790000000000000,28682.000000000000000,4350.866731437236012,780594.175769355613738,2
68,25531.000000000000000,3174031002,BANGKA,317403.000000000000000,DKI JAKARTA,JAKARTA SELATAN,MAMPANG PRAPATAN,BANGKA,26261.000000000000000,8823.000000000000000,3.200000000000000,8210.000000000000000,8690.286068440522286,3161327.255408013239503,0
69,25538.000000000000000,3174041004,RAGUNAN,317404.000000000000000,DKI JAKARTA,JAKARTA SELATAN,PASAR MINGGU,RAGUNAN,48260.000000000000000,15571.000000000000000,4.720000000000000,10224.000000000000000,12355.550430746299753,4664573.810745279304683,3
70,25539.000000000000000,3174041005,PEJATEN TIMUR,317404.000000000000000,DKI JAKARTA,JAKARTA SELATAN,PASAR MINGGU,PEJATEN TIMUR,71144.000000000000000,22567.000000000000000,2.920000000000000,24362.000000000000000,15245.109301366825093,2886262.673409999813884,0
71,25540.000000000000000,3174041006,PEJATEN BARAT,317404.000000000000000,DKI JAKARTA,JAKARTA SELATAN,PASAR MINGGU,PEJATEN BARAT,45297.000000000000000,14483.000000000000000,3.020000000000000,14984.000000000000000,10572.382868688688177,2987770.860473304055631,1
72,25541.000000000000000,3174041007,KEBAGUSAN,317404.000000000000000,DKI JAKARTA,JAKARTA SELATAN,PASAR MINGGU,KEBAGUSAN,54249.000000000000000,17036.000000000000000,2.750000000000000,19709.000000000000000,7396.993161580629021,2720076.415762224700302,0
73,25542.000000000000000,3174051001,KEBAYORAN LAMA UTARA,317405.000000000000000,DKI JAKARTA,JAKARTA SELATAN,KEBAYORAN LAMA,KEBAYORAN LAMA UTARA,52421.000000000000000,16958.000000000000000,1.990000000000000,26403.000000000000000,9420.855569194482086,1962372.700233778450638,1
74,25544.000000000000000,3174051003,CIPULIR,317405.000000000000000,DKI JAKARTA,JAKARTA SELATAN,KEBAYORAN LAMA,CIPULIR,48638.000000000000000,15495.000000000000000,1.890000000000000,25711.000000000000000,7097.739686317037922,1869818.485811791848391,3
75,25546.000000000000000,3174051005,GROGOL SELATAN,317405.000000000000000,DKI JAKARTA,JAKARTA SELATAN,KEBAYORAN LAMA,GROGOL SELATAN,54015.000000000000000,17223.000000000000000,3.150000000000000,17122.000000000000000,10171.583914980605186,3118363.599096770398319,1
76,25558.000000000000000,3174071006,SENAYAN,317407.000000000000000,DKI JAKARTA,JAKARTA SELATAN,KEBAYORAN BARU,SENAYAN,3408.000000000000000,1230.000000000000000,1.450000000000000,2355.000000000000000,6165.972811992549396,1430671.709601896815002,3
77,25550.000000000000000,3174061003,PONDOK LABU,317406.000000000000000,DKI JAKARTA,JAKARTA SELATAN,CILANDAK,PONDOK LABU,55767.000000000000000,17149.000000000000000,3.550000000000000,15708.000000000000000,10177.506717370133629,3447236.815001999493688,0
78,25551.000000000000000,3174061004,GANDARIA SELATAN,317406.000000000000000,DKI JAKARTA,JAKARTA SELATAN,CILANDAK,GANDARIA SELATAN,26710.000000000000000,8674.000000000000000,1.620000000000000,16501.000000000000000,6396.098813064400929,1599795.029347555711865,0
79,25552.000000000000000,3174061005,CIPETE SELATAN,317406.000000000000000,DKI JAKARTA,JAKARTA SELATAN,CILANDAK,CIPETE SELATAN,32280.000000000000000,10629.000000000000000,2.410000000000000,13415.000000000000000,6813.655400107028981,2378227.268515803851187,0
80,25559.000000000000000,3174071007,PULO,317407.000000000000000,DKI JAKARTA,JAKARTA SELATAN,KEBAYORAN BARU,PULO,6776.000000000000000,2250.000000000000000,1.120000000000000,6052.000000000000000,6204.788151026081323,1106708.543306011473760,0
81,25561.000000000000000,3174071009,GANDARIA UTARA,317407.000000000000000,DKI JAKARTA,JAKARTA SELATAN,KEBAYORAN BARU,GANDARIA UTARA,48110.000000000000000,15698.000000000000000,1.570000000000000,30709.000000000000000,6048.040147911787244,1548432.077671112259850,0
82,25578.000000000000000,3174101004,PETUKANGAN SELATAN,317410.000000000000000,DKI JAKARTA,JAKARTA SELATAN,PESANGGRAHAN,PETUKANGAN SELATAN,45231.000000000000000,13954.000000000000000,2.130000000000000,21279.000000000000000,6211.681440495151037,2096015.619052710477263,0
83,25564.000000000000000,3174081002,KALIBATA,317408.000000000000000,DKI JAKARTA,JAKARTA SELATAN,PANCORAN,KALIBATA,51670.000000000000000,16430.000000000000000,2.370000000000000,21774.000000000000000,10422.209435396816843,2345495.909936181735247,2
84,25565.000000000000000,3174081003,RAWAJATI,317408.000000000000000,DKI JAKARTA,JAKARTA SELATAN,PANCORAN,RAWAJATI,24671.000000000000000,8580.000000000000000,1.500000000000000,16423.000000000000000,7473.430166534079945,1484853.973611720371991,0
85,25572.000000000000000,3174091004,LENTENG AGUNG,317409.000000000000000,DKI JAKARTA,JAKARTA SELATAN,JAGAKARSA,LENTENG AGUNG,65606.000000000000000,20592.000000000000000,3.190000000000000,20548.000000000000000,14140.110639239206648,3153384.849225522018969,0
86,25569.000000000000000,3174091001,JAGAKARSA,317409.000000000000000,DKI JAKARTA,JAKARTA SELATAN,JAGAKARSA,JAGAKARSA,75047.000000000000000,23205.000000000000000,5.250000000000000,14284.000000000000000,12816.427393230045709,5184626.335635861381888,0
87,25574.000000000000000,3174091006,CIPEDAK,317409.000000000000000,DKI JAKARTA,JAKARTA SELATAN,JAGAKARSA,CIPEDAK,45772.000000000000000,13778.000000000000000,4.160000000000000,11002.000000000000000,9357.863929622120850,4050750.697130646556616,0
88,25576.000000000000000,3174101002,BINTARO,317410.000000000000000,DKI JAKARTA,JAKARTA SELATAN,PESANGGRAHAN,BINTARO,63832.000000000000000,20047.000000000000000,4.480000000000000,14246.000000000000000,13392.000943686325627,4416284.525733141228557,0
89,25580.000000000000000,3175011001,PISANGAN BARU,317501.000000000000000,DKI JAKARTA,JAKARTA TIMUR,MATRAMAN,PISANGAN BARU,38845.000000000000000,13019.000000000000000,0.810000000000000,47859.000000000000000,3667.477380908774194,802428.865252827876247,1
90,25584.000000000000000,3175011005,KEBON MANGGIS,317501.000000000000000,DKI JAKARTA,JAKARTA TIMUR,MATRAMAN,KEBON MANGGIS,20178.000000000000000,6980.000000000000000,0.780000000000000,25914.000000000000000,5340.561509539753388,769794.205622656969354,0
91,25585.000000000000000,3175011006,UTAN KAYU SELATAN,317501.000000000000000,DKI JAKARTA,JAKARTA TIMUR,MATRAMAN,UTAN KAYU SELATAN,40810.000000000000000,13315.000000000000000,1.150000000000000,35571.000000000000000,4736.340016935631866,1134254.596320641227067,0
92,25589.000000000000000,3175021004,JATINEGARA KAUM,317502.000000000000000,DKI JAKARTA,JAKARTA TIMUR,PULOGADUNG,JATINEGARA KAUM,30189.000000000000000,9724.000000000000000,1.320000000000000,22880.000000000000000,7606.523300605839722,1304535.014113147044554,1
93,25592.000000000000000,3175021007,JATI,317502.000000000000000,DKI JAKARTA,JAKARTA TIMUR,PULOGADUNG,JATI,39694.000000000000000,12805.000000000000000,2.090000000000000,18976.000000000000000,6370.976289212151642,2068159.362872812664136,2
94,25598.000000000000000,3175031006,CIPINANG MUARA,317503.000000000000000,DKI JAKARTA,JAKARTA TIMUR,JATINEGARA,CIPINANG MUARA,67965.000000000000000,21914.000000000000000,2.740000000000000,24792.000000000000000,9426.509567702461936,2710091.061387138441205,1
95,25599.000000000000000,3175031007,CIPINANG BESAR SELATAN,317503.000000000000000,DKI JAKARTA,JAKARTA TIMUR,JATINEGARA,CIPINANG BESAR SELATAN,43554.000000000000000,13816.000000000000000,1.720000000000000,25346.000000000000000,7700.206616585828669,1698749.384010099805892,1
96,25600.000000000000000,3175031008,CIPINANG BESAR UTARA,317503.000000000000000,DKI JAKARTA,JAKARTA TIMUR,JATINEGARA,CIPINANG BESAR UTARA,59863.000000000000000,19159.000000000000000,1.110000000000000,54100.000000000000000,5213.473973695548921,1093926.390060213627294,2
97,25602.000000000000000,3175041002,TENGAH,317504.000000000000000,DKI JAKARTA,JAKARTA TIMUR,KRAMATJATI,TENGAH,54617.000000000000000,17041.000000000000000,2.110000000000000,25907.000000000000000,8230.834262063521237,2083614.964924417901784,1
98,25603.000000000000000,3175041003,DUKUH,317504.000000000000000,DKI JAKARTA,JAKARTA TIMUR,KRAMATJATI,DUKUH,30640.000000000000000,9520.000000000000000,1.720000000000000,17863.000000000000000,7624.410337656087904,1695269.484058423200622,0
99,25605.000000000000000,3175041005,BALEKAMBANG,317504.000000000000000,DKI JAKARTA,JAKARTA TIMUR,KRAMATJATI,BALEKAMBANG,35376.000000000000000,10950.000000000000000,1.710000000000000,20722.000000000000000,10753.227976787346051,1687282.921987502835691,0
100,25606.000000000000000,3175041006,CILILITAN,317504.000000000000000,DKI JAKARTA,JAKARTA TIMUR,KRAMATJATI,CILILITAN,49559.000000000000000,16443.000000000000000,1.760000000000000,28113.000000000000000,8401.887797505476556,1742470.255154806887731,3
101,25611.000000000000000,3175051004,KALISARI,317505.000000000000000,DKI JAKARTA,JAKARTA TIMUR,PASAR REBO,KALISARI,52424.000000000000000,15632.000000000000000,2.630000000000000,19939.000000000000000,10247.482490617965595,2153483.474433002527803,0
102,25620.000000000000000,3175071001,DUREN SAWIT,317507.000000000000000,DKI JAKARTA,JAKARTA TIMUR,DUREN SAWIT,DUREN SAWIT,74118.000000000000000,22836.000000000000000,4.160000000000000,17819.000000000000000,9310.925623080831429,4111956.543425994459540,0
103,25622.000000000000000,3175071003,KLENDER,317507.000000000000000,DKI JAKARTA,JAKARTA TIMUR,DUREN SAWIT,KLENDER,86925.000000000000000,27677.000000000000000,3.030000000000000,28695.000000000000000,9213.187419325584415,2994869.173856133595109,4
104,25626.000000000000000,3175071007,PONDOK KOPI,317507.000000000000000,DKI JAKARTA,JAKARTA TIMUR,DUREN SAWIT,PONDOK KOPI,43303.000000000000000,13320.000000000000000,1.990000000000000,21797.000000000000000,6560.369747358216046,1964068.670216254191473,0
105,25628.000000000000000,3175081002,PINANGRANTI,317508.000000000000000,DKI JAKARTA,JAKARTA TIMUR,MAKASAR,PINANGRANTI,33350.000000000000000,10630.000000000000000,2.310000000000000,14466.000000000000000,8331.266368136433812,2278597.547312342561781,2
106,25629.000000000000000,3175081003,KEBON PALA,317508.000000000000000,DKI JAKARTA,JAKARTA TIMUR,MAKASAR,KEBON PALA,57830.000000000000000,18815.000000000000000,2.090000000000000,27727.000000000000000,8296.877897434038459,2061616.822530299192294,0
107,25632.000000000000000,3175091001,CIRACAS,317509.000000000000000,DKI JAKARTA,JAKARTA TIMUR,CIRACAS,CIRACAS,78952.000000000000000,25108.000000000000000,3.570000000000000,22119.000000000000000,9446.996485738933188,3527387.948746294714510,0
108,25637.000000000000000,3175101001,CIPAYUNG,317510.000000000000000,DKI JAKARTA,JAKARTA TIMUR,CIPAYUNG,CIPAYUNG,31625.000000000000000,9405.000000000000000,2.950000000000000,10721.000000000000000,9711.273983421933735,2914979.469681956339628,0
109,25395.000000000000000,3171031001,KEMAYORAN,317103.000000000000000,DKI JAKARTA,JAKARTA PUSAT,KEMAYORAN,KEMAYORAN,26177.000000000000000,8758.000000000000000,0.600000000000000,43687.000000000000000,3314.587449839693363,592464.781460122321732,0
110,25402.000000000000000,3171031008,UTAN PANJANG,317103.000000000000000,DKI JAKARTA,JAKARTA PUSAT,KEMAYORAN,UTAN PANJANG,37531.000000000000000,12423.000000000000000,0.540000000000000,68902.000000000000000,3435.094563362372355,538590.708073250600137,0
111,25587.000000000000000,3175021002,PISANGAN TIMUR,317502.000000000000000,DKI JAKARTA,JAKARTA TIMUR,PULOGADUNG,PISANGAN TIMUR,50332.000000000000000,16400.000000000000000,1.880000000000000,26838.000000000000000,6214.651099965474714,1854092.172513355035335,3
112,25443.000000000000000,3172031004,RAWA BADAK UTARA,317203.000000000000000,DKI JAKARTA,JAKARTA UTARA,KOJA,RAWA BADAK UTARA,43557.000000000000000,13814.000000000000000,1.290000000000000,33823.000000000000000,5721.043946373983090,1273636.090444300323725,3
113,25469.000000000000000,3173021005,TANJUNG DUREN SELATAN,317302.000000000000000,DKI JAKARTA,JAKARTA BARAT,GROGOL PETAMBURAN,TANJUNG DUREN SELATAN,30306.000000000000000,10595.000000000000000,1.320000000000000,22916.000000000000000,4558.560231033391574,1307492.097468298627064,0
114,25470.000000000000000,3173021006,JELAMBAR BARU,317302.000000000000000,DKI JAKARTA,JAKARTA BARAT,GROGOL PETAMBURAN,JELAMBAR BARU,46743.000000000000000,15149.000000000000000,1.450000000000000,32326.000000000000000,5501.836327630902815,1429767.254679478239268,0
115,25396.000000000000000,3171031002,KEBON KOSONG,317103.000000000000000,DKI JAKARTA,JAKARTA PUSAT,KEMAYORAN,KEBON KOSONG,37472.000000000000000,12691.000000000000000,1.010000000000000,37190.000000000000000,5665.664477615046053,996298.595299792592414,2
116,25398.000000000000000,3171031004,SERDANG,317103.000000000000000,DKI JAKARTA,JAKARTA PUSAT,KEMAYORAN,SERDANG,37782.000000000000000,12189.000000000000000,0.820000000000000,45901.000000000000000,3620.366596106591714,813915.218460140749812,0
117,25399.000000000000000,3171031005,GUNUNG SAHARI SELATAN,317103.000000000000000,DKI JAKARTA,JAKARTA PUSAT,KEMAYORAN,GUNUNG SAHARI SELATAN,24164.000000000000000,8164.000000000000000,1.570000000000000,15376.000000000000000,6980.523218956306664,1553944.136615398339927,2
118,25401.000000000000000,3171031007,SUMUR BATU,317103.000000000000000,DKI JAKARTA,JAKARTA PUSAT,KEMAYORAN,SUMUR BATU,28834.000000000000000,9575.000000000000000,1.160000000000000,24918.000000000000000,5072.023392113074806,1144224.142750702565536,1
119,25388.000000000000000,3171011005,KEBON KELAPA,317101.000000000000000,DKI JAKARTA,JAKARTA PUSAT,GAMBIR,KEBON KELAPA,12858.000000000000000,4608.000000000000000,0.790000000000000,16184.000000000000000,3772.309594732484129,785575.247039164532907,2
120,25389.000000000000000,3171011006,DURI PULO,317101.000000000000000,DKI JAKARTA,JAKARTA PUSAT,GAMBIR,DURI PULO,25256.000000000000000,8005.000000000000000,0.690000000000000,36500.000000000000000,4057.832017576563885,684152.824606963433325,0
121,25392.000000000000000,3171021003,KARTINI,317102.000000000000000,DKI JAKARTA,JAKARTA PUSAT,SAWAH BESAR,KARTINI,28269.000000000000000,9786.000000000000000,0.570000000000000,49718.000000000000000,3303.512043999841353,562225.750251498888247,0
122,25393.000000000000000,3171021004,GUNUNG SAHARI UTARA,317102.000000000000000,DKI JAKARTA,JAKARTA PUSAT,SAWAH BESAR,GUNUNG SAHARI UTARA,20677.000000000000000,7103.000000000000000,1.320000000000000,15709.000000000000000,6362.386672931467729,1301528.263591265073046,1
123,25384.000000000000000,3171011001,GAMBIR,317101.000000000000000,DKI JAKARTA,JAKARTA PUSAT,GAMBIR,GAMBIR,3088.000000000000000,1088.000000000000000,2.560000000000000,1208.000000000000000,7733.395313356119004,2527182.142279361374676,6
124,25385.000000000000000,3171011002,CIDENG,317101.000000000000000,DKI JAKARTA,JAKARTA PUSAT,GAMBIR,CIDENG,19216.000000000000000,6644.000000000000000,1.270000000000000,15157.000000000000000,6033.181531911062848,1253463.554246288491413,2
125,25387.000000000000000,3171011004,PETOJO SELATAN,317101.000000000000000,DKI JAKARTA,JAKARTA PUSAT,GAMBIR,PETOJO SELATAN,18388.000000000000000,6512.000000000000000,1.150000000000000,16005.000000000000000,4547.632298283338059,1135946.425385176436976,1
126,25404.000000000000000,3171041002,KENARI,317104.000000000000000,DKI JAKARTA,JAKARTA PUSAT,SENEN,KENARI,11582.000000000000000,3953.000000000000000,0.910000000000000,12796.000000000000000,5661.649936306759628,894886.927337933680974,0
127,25405.000000000000000,3171041003,PASEBAN,317104.000000000000000,DKI JAKARTA,JAKARTA PUSAT,SENEN,PASEBAN,29659.000000000000000,10217.000000000000000,0.850000000000000,35007.000000000000000,3945.584930185268149,837642.913052264251746,3
128,25406.000000000000000,3171041004,KRAMAT,317104.000000000000000,DKI JAKARTA,JAKARTA PUSAT,SENEN,KRAMAT,36350.000000000000000,12284.000000000000000,0.710000000000000,50894.000000000000000,3929.558464590776111,706164.770110891549848,3
129,25407.000000000000000,3171041005,KWITANG,317104.000000000000000,DKI JAKARTA,JAKARTA PUSAT,SENEN,KWITANG,19303.000000000000000,6493.000000000000000,0.450000000000000,42463.000000000000000,3050.208351089592270,449449.076416732161306,0
130,25410.000000000000000,3171051002,CEMPAKA PUTIH BARAT,317105.000000000000000,DKI JAKARTA,JAKARTA PUSAT,CEMPAKA PUTIH,CEMPAKA PUTIH BARAT,44664.000000000000000,14674.000000000000000,1.270000000000000,35280.000000000000000,5573.692787468423376,1251729.850183048984036,2
131,25413.000000000000000,3171061002,PEGANGSAAN,317106.000000000000000,DKI JAKARTA,JAKARTA PUSAT,MENTENG,PEGANGSAAN,29254.000000000000000,9304.000000000000000,0.970000000000000,30263.000000000000000,5401.430539237048833,955678.357634157175198,0
132,25415.000000000000000,3171061004,GONDANGDIA,317106.000000000000000,DKI JAKARTA,JAKARTA PUSAT,MENTENG,GONDANGDIA,4956.000000000000000,1603.000000000000000,1.490000000000000,3320.000000000000000,5599.656604523851456,1475940.311075160047039,2
133,25416.000000000000000,3171061005,KEBON SIRIH,317106.000000000000000,DKI JAKARTA,JAKARTA PUSAT,MENTENG,KEBON SIRIH,15702.000000000000000,5360.000000000000000,0.870000000000000,17981.000000000000000,5569.129987996903765,863355.161211176542565,1
134,25417.000000000000000,3171071001,GELORA,317107.000000000000000,DKI JAKARTA,JAKARTA PUSAT,TANAH ABANG,GELORA,4002.000000000000000,1386.000000000000000,3.380000000000000,1185.000000000000000,8686.819972529676306,3338726.136308042798191,3
135,25418.000000000000000,3171071002,BENDUNGAN HILIR,317107.000000000000000,DKI JAKARTA,JAKARTA PUSAT,TANAH ABANG,BENDUNGAN HILIR,27144.000000000000000,9675.000000000000000,1.600000000000000,16935.000000000000000,6387.761676709434141,1584469.404124525841326,1
136,25419.000000000000000,3171071003,KARET TENGSIN,317107.000000000000000,DKI JAKARTA,JAKARTA PUSAT,TANAH ABANG,KARET TENGSIN,24318.000000000000000,8260.000000000000000,1.550000000000000,15721.000000000000000,5216.820474288491823,1529170.789699384709820,0
137,25422.000000000000000,3171071006,KEBON KACANG,317107.000000000000000,DKI JAKARTA,JAKARTA PUSAT,TANAH ABANG,KEBON KACANG,27319.000000000000000,9215.000000000000000,0.740000000000000,36778.000000000000000,4021.304641021230509,734369.830585741787218,0
138,25423.000000000000000,3171071007,KAMPUNG BALI,317107.000000000000000,DKI JAKARTA,JAKARTA PUSAT,TANAH ABANG,KAMPUNG BALI,14889.000000000000000,4829.000000000000000,0.700000000000000,21349.000000000000000,3687.958018988693311,689515.908220610115677,2
139,25424.000000000000000,3171081001,JOHAR BARU,317108.000000000000000,DKI JAKARTA,JAKARTA PUSAT,JOHAR BARU,JOHAR BARU,46777.000000000000000,14923.000000000000000,1.180000000000000,39495.000000000000000,4394.465311725753963,1171003.388035245239735,0
140,25426.000000000000000,3171081003,GALUR,317108.000000000000000,DKI JAKARTA,JAKARTA PUSAT,JOHAR BARU,GALUR,23288.000000000000000,7262.000000000000000,0.290000000000000,81435.000000000000000,2348.839204343602432,282749.559252206876408,0
141,25427.000000000000000,3171081004,TANAH TINGGI,317108.000000000000000,DKI JAKARTA,JAKARTA PUSAT,JOHAR BARU,TANAH TINGGI,48219.000000000000000,15472.000000000000000,0.630000000000000,76331.000000000000000,3713.281118261485517,624589.455344439717010,0
142,25428.000000000000000,3172011001,PENJARINGAN,317201.000000000000000,DKI JAKARTA,JAKARTA UTARA,PENJARINGAN,PENJARINGAN,109567.000000000000000,37764.000000000000000,4.620000000000000,23723.000000000000000,16903.031410543775564,4521932.757327208295465,3
143,25430.000000000000000,3172011003,KAPUK MUARA,317201.000000000000000,DKI JAKARTA,JAKARTA UTARA,PENJARINGAN,KAPUK MUARA,43025.000000000000000,13492.000000000000000,9.160000000000000,4697.000000000000000,13862.089879668797948,9047584.333072025328875,0
144,25431.000000000000000,3172011004,PEJAGALAN,317201.000000000000000,DKI JAKARTA,JAKARTA UTARA,PENJARINGAN,PEJAGALAN,90327.000000000000000,29979.000000000000000,3.720000000000000,24251.000000000000000,10455.023775555308021,3683039.426168598700315,0
145,25433.000000000000000,3172021001,TANJUNG PRIOK,317202.000000000000000,DKI JAKARTA,JAKARTA UTARA,TANJUNG PRIOK,TANJUNG PRIOK,43623.000000000000000,14703.000000000000000,3.760000000000000,11602.000000000000000,22259.994526759484870,3658636.262581649702042,2
146,25434.000000000000000,3172021002,SUNTER JAYA,317202.000000000000000,DKI JAKARTA,JAKARTA UTARA,TANJUNG PRIOK,SUNTER JAYA,77553.000000000000000,24694.000000000000000,5.210000000000000,14878.000000000000000,10171.218586686816707,5154572.540869776159525,1
147,25438.000000000000000,3172021006,SUNTER AGUNG,317202.000000000000000,DKI JAKARTA,JAKARTA UTARA,TANJUNG PRIOK,SUNTER AGUNG,87165.000000000000000,28069.000000000000000,5.320000000000000,16395.000000000000000,11111.860951546581418,5257640.533831217326224,6
148,25447.000000000000000,3172041002,SUKAPURA,317204.000000000000000,DKI JAKARTA,JAKARTA UTARA,CILINCING,SUKAPURA,69673.000000000000000,23836.000000000000000,5.880000000000000,11855.000000000000000,9753.889975109710576,5812214.039972332306206,0
149,25448.000000000000000,3172041003,MARUNDA,317204.000000000000000,DKI JAKARTA,JAKARTA UTARA,CILINCING,MARUNDA,35650.000000000000000,10575.000000000000000,7.730000000000000,4613.000000000000000,15312.591674726534620,7506740.530136393383145,0
150,25450.000000000000000,3172041005,SEMPER TIMUR,317204.000000000000000,DKI JAKARTA,JAKARTA UTARA,CILINCING,SEMPER TIMUR,44903.000000000000000,14416.000000000000000,4.290000000000000,10461.000000000000000,9241.262697669511908,4245432.166312962770462,0
151,25472.000000000000000,3173031001,TAMAN SARI,317303.000000000000000,DKI JAKARTA,JAKARTA BARAT,TAMAN SARI,TAMAN SARI,17509.000000000000000,5969.000000000000000,0.600000000000000,28948.000000000000000,3241.568999728228846,598074.818221168126911,0
152,25473.000000000000000,3173031002,KRUKUT,317303.000000000000000,DKI JAKARTA,JAKARTA BARAT,TAMAN SARI,KRUKUT,23821.000000000000000,7843.000000000000000,0.610000000000000,38926.000000000000000,3246.477496485555548,605088.217212385265157,1
153,25457.000000000000000,3172061002,PEGANGSAAN DUA,317206.000000000000000,DKI JAKARTA,JAKARTA UTARA,KELAPA GADING,PEGANGSAAN DUA,59468.000000000000000,19536.000000000000000,5.590000000000000,10645.000000000000000,13515.299016174472854,5524076.242916449904442,0
154,25458.000000000000000,3172061003,KELAPA GADING BARAT,317206.000000000000000,DKI JAKARTA,JAKARTA UTARA,KELAPA GADING,KELAPA GADING BARAT,42264.000000000000000,13690.000000000000000,7.510000000000000,5627.000000000000000,12465.703653267344635,7426971.098269660957158,5
155,25460.000000000000000,3173011002,DURI KOSAMBI,317301.000000000000000,DKI JAKARTA,JAKARTA BARAT,CENGKARENG,DURI KOSAMBI,94759.000000000000000,29150.000000000000000,5.980000000000000,15854.000000000000000,13387.788254415141637,5303542.782004071399570,0
156,25461.000000000000000,3173011003,RAWA BUAYA,317301.000000000000000,DKI JAKARTA,JAKARTA BARAT,CENGKARENG,RAWA BUAYA,78405.000000000000000,24888.000000000000000,3.750000000000000,20891.000000000000000,10315.330664993429309,3710530.671079156454653,0
157,25462.000000000000000,3173011004,KEDAUNG KALI ANGKE,317301.000000000000000,DKI JAKARTA,JAKARTA BARAT,CENGKARENG,KEDAUNG KALI ANGKE,40666.000000000000000,13335.000000000000000,3.040000000000000,13385.000000000000000,7920.599330114131590,3003817.086543320212513,2
158,25474.000000000000000,3173031003,MAPHAR,317303.000000000000000,DKI JAKARTA,JAKARTA BARAT,TAMAN SARI,MAPHAR,19914.000000000000000,7092.000000000000000,0.720000000000000,27578.000000000000000,4658.685080316482527,713987.651493084616959,1
159,25475.000000000000000,3173031004,TANGKI,317303.000000000000000,DKI JAKARTA,JAKARTA BARAT,TAMAN SARI,TANGKI,15992.000000000000000,5769.000000000000000,0.390000000000000,40700.000000000000000,2556.028664968173871,388532.030416382767726,0
160,25465.000000000000000,3173021001,GROGOL,317302.000000000000000,DKI JAKARTA,JAKARTA BARAT,GROGOL PETAMBURAN,GROGOL,20792.000000000000000,6970.000000000000000,1.080000000000000,19338.000000000000000,4829.785867565696208,1063077.705243974691257,3
161,25467.000000000000000,3173021003,TOMANG,317302.000000000000000,DKI JAKARTA,JAKARTA BARAT,GROGOL PETAMBURAN,TOMANG,36093.000000000000000,12273.000000000000000,1.880000000000000,19174.000000000000000,5415.091895787226349,1861151.730992609169334,3
162,25479.000000000000000,3173031008,PINANGSIA,317303.000000000000000,DKI JAKARTA,JAKARTA BARAT,TAMAN SARI,PINANGSIA,13136.000000000000000,4725.000000000000000,0.990000000000000,13222.000000000000000,5518.804874193875548,982444.786609944188967,3
163,25480.000000000000000,3173041001,TAMBORA,317304.000000000000000,DKI JAKARTA,JAKARTA BARAT,TAMBORA,TAMBORA,12805.000000000000000,4363.000000000000000,0.290000000000000,43784.000000000000000,2306.845976994601642,289184.788091480731964,0
164,25481.000000000000000,3173041002,KALI ANYAR,317304.000000000000000,DKI JAKARTA,JAKARTA BARAT,TAMBORA,KALI ANYAR,30229.000000000000000,9649.000000000000000,0.310000000000000,95971.000000000000000,2344.320031430789186,311436.964345103828236,0
165,25482.000000000000000,3173041003,DURI UTARA,317304.000000000000000,DKI JAKARTA,JAKARTA BARAT,TAMBORA,DURI UTARA,24495.000000000000000,7767.000000000000000,0.370000000000000,65743.000000000000000,2521.409117367930776,368400.178900237835478,0
166,25483.000000000000000,3173041004,TANAH SEREAL,317304.000000000000000,DKI JAKARTA,JAKARTA BARAT,TAMBORA,TANAH SEREAL,32249.000000000000000,10453.000000000000000,0.580000000000000,55438.000000000000000,3804.888506372414668,575181.365658142953180,0
167,25485.000000000000000,3173041006,JEMBATAN BESI,317304.000000000000000,DKI JAKARTA,JAKARTA BARAT,TAMBORA,JEMBATAN BESI,37262.000000000000000,12464.000000000000000,0.530000000000000,70490.000000000000000,2970.598490531231164,522679.144286056514829,1
168,25486.000000000000000,3173041007,ANGKE,317304.000000000000000,DKI JAKARTA,JAKARTA BARAT,TAMBORA,ANGKE,36428.000000000000000,11829.000000000000000,0.800000000000000,45786.000000000000000,3762.874634841536135,786691.305927092558704,1
169,25487.000000000000000,3173041008,JEMBATAN LIMA,317304.000000000000000,DKI JAKARTA,JAKARTA BARAT,TAMBORA,JEMBATAN LIMA,25893.000000000000000,8561.000000000000000,0.490000000000000,52395.000000000000000,2792.235500307989241,488649.993870981212240,0
170,25488.000000000000000,3173041009,PEKOJAN,317304.000000000000000,DKI JAKARTA,JAKARTA BARAT,TAMBORA,PEKOJAN,28357.000000000000000,9563.000000000000000,0.790000000000000,35993.000000000000000,3440.113695653058585,779049.221425384166650,2
171,25489.000000000000000,3173041010,ROA MALAKA,317304.000000000000000,DKI JAKARTA,JAKARTA BARAT,TAMBORA,ROA MALAKA,4003.000000000000000,1491.000000000000000,0.540000000000000,7471.000000000000000,3297.457617879339523,529858.316641715937294,1
172,25490.000000000000000,3173041011,DURI SELATAN,317304.000000000000000,DKI JAKARTA,JAKARTA BARAT,TAMBORA,DURI SELATAN,17493.000000000000000,5498.000000000000000,0.390000000000000,45199.000000000000000,2435.318868609967467,382672.109943655435927,0
173,25588.000000000000000,3175021003,CIPINANG,317502.000000000000000,DKI JAKARTA,JAKARTA TIMUR,PULOGADUNG,CIPINANG,48703.000000000000000,16158.000000000000000,1.540000000000000,31669.000000000000000,5515.976011021353770,1520468.008050354896113,0
174,25491.000000000000000,3173051001,KEBON JERUK,317305.000000000000000,DKI JAKARTA,JAKARTA BARAT,KEBON JERUK,KEBON JERUK,65682.000000000000000,20482.000000000000000,3.870000000000000,16986.000000000000000,9093.403978899368667,3822580.816697636619210,1
175,25498.000000000000000,3173061001,KALIDERES,317306.000000000000000,DKI JAKARTA,JAKARTA BARAT,KALIDERES,KALIDERES,88802.000000000000000,27910.000000000000000,5.160000000000000,17206.000000000000000,10427.495561986812390,5041404.426775194704533,2
176,25499.000000000000000,3173061002,SEMANAN,317306.000000000000000,DKI JAKARTA,JAKARTA BARAT,KALIDERES,SEMANAN,88097.000000000000000,27586.000000000000000,5.290000000000000,16643.000000000000000,9710.596744017300807,5161695.614218155853450,0
177,25500.000000000000000,3173061003,TEGAL ALUR,317306.000000000000000,DKI JAKARTA,JAKARTA BARAT,KALIDERES,TEGAL ALUR,103199.000000000000000,32968.000000000000000,7.610000000000000,13558.000000000000000,15413.005478047207362,7417481.159448295831680,0
178,25501.000000000000000,3173061004,KAMAL,317306.000000000000000,DKI JAKARTA,JAKARTA BARAT,KALIDERES,KAMAL,65858.000000000000000,20554.000000000000000,3.140000000000000,20946.000000000000000,8149.995091387202592,2947037.770341173280030,0
179,25504.000000000000000,3173071002,SLIPI,317307.000000000000000,DKI JAKARTA,JAKARTA BARAT,PAL MERAH,SLIPI,20457.000000000000000,6565.000000000000000,0.990000000000000,20655.000000000000000,4191.066368468023938,979126.851964292000048,1
180,25505.000000000000000,3173071003,KOTA BAMBU UTARA,317307.000000000000000,DKI JAKARTA,JAKARTA BARAT,PAL MERAH,KOTA BAMBU UTARA,31468.000000000000000,9779.000000000000000,0.690000000000000,45744.000000000000000,4561.181411381815451,680113.067549716331996,1
181,25506.000000000000000,3173071004,JATIPULO,317307.000000000000000,DKI JAKARTA,JAKARTA BARAT,PAL MERAH,JATIPULO,35771.000000000000000,11397.000000000000000,0.830000000000000,42917.000000000000000,4536.183660097289248,824052.195882105384953,1
182,25507.000000000000000,3173071005,KEMANGGISAN,317307.000000000000000,DKI JAKARTA,JAKARTA BARAT,PAL MERAH,KEMANGGISAN,39419.000000000000000,12537.000000000000000,2.120000000000000,18585.000000000000000,7315.751937714282576,2096841.218780389288440,2
183,25511.000000000000000,3173081003,MERUYA SELATAN,317308.000000000000000,DKI JAKARTA,JAKARTA BARAT,KEMBANGAN,MERUYA SELATAN,39306.000000000000000,12025.000000000000000,3.210000000000000,12227.000000000000000,10449.266649380941089,3020407.697212530765682,0
184,25516.000000000000000,3174011002,TEBET BARAT,317401.000000000000000,DKI JAKARTA,JAKARTA SELATAN,TEBET,TEBET BARAT,25585.000000000000000,8565.000000000000000,1.650000000000000,15500.000000000000000,6187.371530957444520,1631670.040729361586273,2
185,25513.000000000000000,3173081005,JOGLO,317308.000000000000000,DKI JAKARTA,JAKARTA BARAT,KEMBANGAN,JOGLO,49663.000000000000000,15096.000000000000000,4.580000000000000,10842.000000000000000,11578.236661716327944,4453716.865572876296937,0
186,25514.000000000000000,3173081006,KEMBANGAN SELATAN,317308.000000000000000,DKI JAKARTA,JAKARTA BARAT,KEMBANGAN,KEMBANGAN SELATAN,32372.000000000000000,10102.000000000000000,4.570000000000000,7078.000000000000000,14633.335000159688207,4510250.938941293396056,0
187,25515.000000000000000,3174011001,TEBET TIMUR,317401.000000000000000,DKI JAKARTA,JAKARTA SELATAN,TEBET,TEBET TIMUR,21645.000000000000000,7137.000000000000000,1.340000000000000,16179.000000000000000,5414.481715644954420,1322460.542899390915409,1
188,25597.000000000000000,3175031005,CIPINANG CEMPEDAK,317503.000000000000000,DKI JAKARTA,JAKARTA TIMUR,JATINEGARA,CIPINANG CEMPEDAK,39817.000000000000000,13113.000000000000000,1.690000000000000,23586.000000000000000,5930.647109482218184,1668775.646118183620274,2
189,25517.000000000000000,3174011003,MENTENG DALAM,317401.000000000000000,DKI JAKARTA,JAKARTA SELATAN,TEBET,MENTENG DALAM,44673.000000000000000,14739.000000000000000,2.540000000000000,17610.000000000000000,7195.694076612229765,2507735.368906451854855,1
190,25519.000000000000000,3174011005,BUKIT DURI,317401.000000000000000,DKI JAKARTA,JAKARTA SELATAN,TEBET,BUKIT DURI,42224.000000000000000,13963.000000000000000,1.090000000000000,38756.000000000000000,5779.206467174145473,1077032.707088079769164,1
191,25521.000000000000000,3174011007,MANGGARAI,317401.000000000000000,DKI JAKARTA,JAKARTA SELATAN,TEBET,MANGGARAI,35357.000000000000000,11814.000000000000000,1.080000000000000,32711.000000000000000,4568.671774666950114,1068551.590286052320153,2
192,25525.000000000000000,3174021004,KARET,317402.000000000000000,DKI JAKARTA,JAKARTA SELATAN,SETIABUDI,KARET,11747.000000000000000,4101.000000000000000,0.940000000000000,12526.000000000000000,5610.156540150805995,927111.880870094755664,2
193,25536.000000000000000,3174041002,JATI PADANG,317404.000000000000000,DKI JAKARTA,JAKARTA SELATAN,PASAR MINGGU,JATI PADANG,45928.000000000000000,14686.000000000000000,2.600000000000000,17682.000000000000000,7928.512018763615743,2566983.880214390344918,1
194,25532.000000000000000,3174031003,PELA MAMPANG,317403.000000000000000,DKI JAKARTA,JAKARTA SELATAN,MAMPANG PRAPATAN,PELA MAMPANG,53495.000000000000000,17293.000000000000000,1.980000000000000,27028.000000000000000,6960.388258568505989,1956378.883983617648482,0
195,25533.000000000000000,3174031004,TEGAL PARANG,317403.000000000000000,DKI JAKARTA,JAKARTA SELATAN,MAMPANG PRAPATAN,TEGAL PARANG,39961.000000000000000,12942.000000000000000,1.060000000000000,37862.000000000000000,4489.977204401039671,1043253.355250074644573,0
196,25534.000000000000000,3174031005,KUNINGAN BARAT,317403.000000000000000,DKI JAKARTA,JAKARTA SELATAN,MAMPANG PRAPATAN,KUNINGAN BARAT,15788.000000000000000,5268.000000000000000,0.990000000000000,15984.000000000000000,5657.918620724673929,976353.364857916603796,4
197,25535.000000000000000,3174041001,PASAR MINGGU,317404.000000000000000,DKI JAKARTA,JAKARTA SELATAN,PASAR MINGGU,PASAR MINGGU,30208.000000000000000,10009.000000000000000,1.920000000000000,15773.000000000000000,8344.886490745349874,1892778.471480646636337,0
198,25537.000000000000000,3174041003,CILANDAK TIMUR,317404.000000000000000,DKI JAKARTA,JAKARTA SELATAN,PASAR MINGGU,CILANDAK TIMUR,31320.000000000000000,10588.000000000000000,3.890000000000000,8060.000000000000000,11476.359430246811826,3840380.943359902128577,0
199,25543.000000000000000,3174051002,PONDOK PINANG,317405.000000000000000,DKI JAKARTA,JAKARTA SELATAN,KEBAYORAN LAMA,PONDOK PINANG,67733.000000000000000,21208.000000000000000,6.870000000000000,9860.000000000000000,13610.245729582655258,6788792.144033100455999,3
200,25545.000000000000000,3174051004,GROGOL UTARA,317405.000000000000000,DKI JAKARTA,JAKARTA SELATAN,KEBAYORAN LAMA,GROGOL UTARA,52471.000000000000000,16968.000000000000000,3.340000000000000,15720.000000000000000,8121.967918170546000,3299608.158233310095966,1
201,25547.000000000000000,3174051006,KEBAYORAN LAMA SELATAN,317405.000000000000000,DKI JAKARTA,JAKARTA SELATAN,KEBAYORAN LAMA,KEBAYORAN LAMA SELATAN,50130.000000000000000,16077.000000000000000,2.360000000000000,21235.000000000000000,10430.618202663510601,2333242.287505563814193,2
202,25548.000000000000000,3174061001,CILANDAK BARAT,317406.000000000000000,DKI JAKARTA,JAKARTA SELATAN,CILANDAK,CILANDAK BARAT,62119.000000000000000,20313.000000000000000,5.940000000000000,10458.000000000000000,11528.370403038599761,5869836.549856695346534,0
203,25549.000000000000000,3174061002,LEBAK BULUS,317406.000000000000000,DKI JAKARTA,JAKARTA SELATAN,CILANDAK,LEBAK BULUS,44645.000000000000000,14000.000000000000000,4.410000000000000,10125.000000000000000,13334.667375128696222,4346625.626688959077001,1
204,25553.000000000000000,3174071001,MELAWAI,317407.000000000000000,DKI JAKARTA,JAKARTA SELATAN,KEBAYORAN BARU,MELAWAI,3173.000000000000000,1082.000000000000000,1.290000000000000,2452.000000000000000,4709.527831123497890,1278871.589065948268399,3
205,25554.000000000000000,3174071002,GUNUNG,317407.000000000000000,DKI JAKARTA,JAKARTA SELATAN,KEBAYORAN BARU,GUNUNG,11180.000000000000000,3705.000000000000000,1.440000000000000,7785.000000000000000,5323.975622050880702,1419545.076904003042728,1
206,25555.000000000000000,3174071003,KRAMAT PELA,317407.000000000000000,DKI JAKARTA,JAKARTA SELATAN,KEBAYORAN BARU,KRAMAT PELA,17564.000000000000000,5935.000000000000000,1.270000000000000,13800.000000000000000,5955.991326176166694,1257994.700520133133978,2
207,25556.000000000000000,3174071004,SELONG,317407.000000000000000,DKI JAKARTA,JAKARTA SELATAN,KEBAYORAN BARU,SELONG,3381.000000000000000,1227.000000000000000,1.450000000000000,2335.000000000000000,5599.007969458284606,1431021.374833803158253,2
208,25557.000000000000000,3174071005,RAWA BARAT,317407.000000000000000,DKI JAKARTA,JAKARTA SELATAN,KEBAYORAN BARU,RAWA BARAT,6646.000000000000000,2247.000000000000000,0.660000000000000,10088.000000000000000,3499.054881539549115,651180.406634980230592,0
209,25560.000000000000000,3174071008,PETOGOGAN,317407.000000000000000,DKI JAKARTA,JAKARTA SELATAN,KEBAYORAN BARU,PETOGOGAN,14002.000000000000000,4652.000000000000000,0.860000000000000,16232.000000000000000,4410.830050194093019,852664.158235424314626,2
210,25562.000000000000000,3174071010,CIPETE UTARA,317407.000000000000000,DKI JAKARTA,JAKARTA SELATAN,KEBAYORAN BARU,CIPETE UTARA,41755.000000000000000,13721.000000000000000,1.740000000000000,24002.000000000000000,6210.681476827040569,1719419.268207075074315,0
211,25563.000000000000000,3174081001,PANCORAN,317408.000000000000000,DKI JAKARTA,JAKARTA SELATAN,PANCORAN,PANCORAN,23908.000000000000000,7605.000000000000000,1.420000000000000,16833.000000000000000,5158.843669288047749,1403948.881572874030098,1
212,25566.000000000000000,3174081004,DUREN TIGA,317408.000000000000000,DKI JAKARTA,JAKARTA SELATAN,PANCORAN,DUREN TIGA,34105.000000000000000,11125.000000000000000,2.010000000000000,16956.000000000000000,8876.497478327639328,1988129.677890616236255,2
213,25567.000000000000000,3174081005,PENGADEGAN,317408.000000000000000,DKI JAKARTA,JAKARTA SELATAN,PANCORAN,PENGADEGAN,25641.000000000000000,8409.000000000000000,0.950000000000000,26866.000000000000000,5308.919002327005728,943386.075211415416561,0
214,25568.000000000000000,3174081006,CIKOKO,317408.000000000000000,DKI JAKARTA,JAKARTA SELATAN,PANCORAN,CIKOKO,13083.000000000000000,4352.000000000000000,0.700000000000000,18683.000000000000000,4339.199669639006970,692203.518859421717934,2
215,25570.000000000000000,3174091002,SRENGSENG SAWAH,317409.000000000000000,DKI JAKARTA,JAKARTA SELATAN,JAGAKARSA,SRENGSENG SAWAH,70377.000000000000000,21938.000000000000000,5.650000000000000,12455.000000000000000,13296.255470599235196,5501817.839877620339394,0
216,25571.000000000000000,3174091003,CIGANJUR,317409.000000000000000,DKI JAKARTA,JAKARTA SELATAN,JAGAKARSA,CIGANJUR,46102.000000000000000,14266.000000000000000,3.690000000000000,12491.000000000000000,10454.944113592709982,3626258.653534861281514,0
217,25573.000000000000000,3174091005,TANJUNG BARAT,317409.000000000000000,DKI JAKARTA,JAKARTA SELATAN,JAGAKARSA,TANJUNG BARAT,48232.000000000000000,14771.000000000000000,3.600000000000000,13400.000000000000000,10525.944033453179145,3557107.309800424613059,0
218,25575.000000000000000,3174101001,PESANGGRAHAN,317410.000000000000000,DKI JAKARTA,JAKARTA SELATAN,PESANGGRAHAN,PESANGGRAHAN,33717.000000000000000,10401.000000000000000,1.940000000000000,17408.000000000000000,8227.292714875522506,1875670.432585742557421,0
219,25577.000000000000000,3174101003,PETUKANGAN UTARA,317410.000000000000000,DKI JAKARTA,JAKARTA SELATAN,PESANGGRAHAN,PETUKANGAN UTARA,65647.000000000000000,20317.000000000000000,2.820000000000000,23267.000000000000000,8868.664003428275464,2774145.443299831356853,2
220,25586.000000000000000,3175021001,PULO GADUNG,317502.000000000000000,DKI JAKARTA,JAKARTA TIMUR,PULOGADUNG,PULO GADUNG,42357.000000000000000,14363.000000000000000,1.790000000000000,23713.000000000000000,5712.323986162535221,1766182.854866047389805,2
221,25579.000000000000000,3174101005,ULUJAMI,317410.000000000000000,DKI JAKARTA,JAKARTA SELATAN,PESANGGRAHAN,ULUJAMI,50117.000000000000000,15407.000000000000000,2.100000000000000,23894.000000000000000,10365.158636292355368,2073205.067957427585497,1
222,25581.000000000000000,3175011002,UTAN KAYU UTARA,317501.000000000000000,DKI JAKARTA,JAKARTA TIMUR,MATRAMAN,UTAN KAYU UTARA,34735.000000000000000,11601.000000000000000,1.030000000000000,33763.000000000000000,4895.692325123976843,1017157.666181333363056,4
223,25582.000000000000000,3175011003,KAYU MANIS,317501.000000000000000,DKI JAKARTA,JAKARTA TIMUR,MATRAMAN,KAYU MANIS,31146.000000000000000,10587.000000000000000,0.550000000000000,56445.000000000000000,3947.664827796576901,545533.055157019989565,0
224,25583.000000000000000,3175011004,PALMERIAM,317501.000000000000000,DKI JAKARTA,JAKARTA TIMUR,MATRAMAN,PALMERIAM,24456.000000000000000,8471.000000000000000,0.650000000000000,37648.000000000000000,4245.779146649050745,642224.478242027689703,3
225,25590.000000000000000,3175021005,RAWAMANGUN,317502.000000000000000,DKI JAKARTA,JAKARTA TIMUR,PULOGADUNG,RAWAMANGUN,46034.000000000000000,15286.000000000000000,2.660000000000000,17335.000000000000000,7067.520567955793922,2625484.180955839809030,5
226,25591.000000000000000,3175021006,KAYU PUTIH,317502.000000000000000,DKI JAKARTA,JAKARTA TIMUR,PULOGADUNG,KAYU PUTIH,49147.000000000000000,16979.000000000000000,3.890000000000000,12624.000000000000000,7850.759448751597120,3849530.466938827652484,2
227,25593.000000000000000,3175031001,KAMPUNG MELAYU,317503.000000000000000,DKI JAKARTA,JAKARTA TIMUR,JATINEGARA,KAMPUNG MELAYU,31954.000000000000000,10346.000000000000000,0.470000000000000,67768.000000000000000,5324.195641555877955,466143.802698122337461,0
228,25594.000000000000000,3175031002,BIDARA CINA,317503.000000000000000,DKI JAKARTA,JAKARTA TIMUR,JATINEGARA,BIDARA CINA,45194.000000000000000,15491.000000000000000,1.270000000000000,35498.000000000000000,6976.209909992749999,1258557.669441966572776,4
229,25595.000000000000000,3175031003,BALI MESTER,317503.000000000000000,DKI JAKARTA,JAKARTA TIMUR,JATINEGARA,BALI MESTER,11695.000000000000000,4193.000000000000000,0.680000000000000,17169.000000000000000,4379.127029162951658,673385.563514136127196,4
230,25601.000000000000000,3175041001,KRAMATJATI,317504.000000000000000,DKI JAKARTA,JAKARTA TIMUR,KRAMATJATI,KRAMATJATI,42031.000000000000000,13892.000000000000000,1.460000000000000,28690.000000000000000,6665.729864667715447,1447993.589794878149405,1
231,25627.000000000000000,3175081001,MAKASAR,317508.000000000000000,DKI JAKARTA,JAKARTA TIMUR,MAKASAR,MAKASAR,42584.000000000000000,13475.000000000000000,1.480000000000000,28755.000000000000000,6528.779963756103825,1463722.622618010733277,0
232,25604.000000000000000,3175041004,BATU AMPAR,317504.000000000000000,DKI JAKARTA,JAKARTA TIMUR,KRAMATJATI,BATU AMPAR,58890.000000000000000,18252.000000000000000,2.560000000000000,23048.000000000000000,8196.243802663329916,2525323.379006563220173,0
233,25607.000000000000000,3175041007,CAWANG,317504.000000000000000,DKI JAKARTA,JAKARTA TIMUR,KRAMATJATI,CAWANG,40643.000000000000000,13619.000000000000000,2.030000000000000,20050.000000000000000,8362.942514302196287,2003679.575195198180154,4
234,25608.000000000000000,3175051001,GEDONG,317505.000000000000000,DKI JAKARTA,JAKARTA TIMUR,PASAR REBO,GEDONG,44099.000000000000000,13607.000000000000000,2.460000000000000,17894.000000000000000,9514.389456327044172,2435550.316134297754616,0
235,25609.000000000000000,3175051002,BARU,317505.000000000000000,DKI JAKARTA,JAKARTA TIMUR,PASAR REBO,BARU,29389.000000000000000,8728.000000000000000,1.950000000000000,15050.000000000000000,8079.299394923225918,1929664.632124046329409,0
236,25610.000000000000000,3175051003,CIJANTUNG,317505.000000000000000,DKI JAKARTA,JAKARTA TIMUR,PASAR REBO,CIJANTUNG,50571.000000000000000,15503.000000000000000,2.860000000000000,17707.000000000000000,10284.131947401805519,2822359.887621345464140,0
237,25645.000000000000000,31888888,DANAU SUNTER,318888.000000000000000,DKI JAKARTA, , , ,0.000000000000000,0.000000000000000,0.000000000000000,0.000000000000000,1817.082295006613549,147224.854911184840603,0
238,25646.000000000000000,31888888,DANAU SUNTER DLL,318888.000000000000000,DKI JAKARTA, , , ,0.000000000000000,0.000000000000000,0.000000000000000,0.000000000000000,3503.724139642882619,500460.471488164330367,0
239,25612.000000000000000,3175051005,PEKAYON,317505.000000000000000,DKI JAKARTA,JAKARTA TIMUR,PASAR REBO,PEKAYON,53410.000000000000000,16559.000000000000000,3.220000000000000,16572.000000000000000,10104.047353738415040,2976007.659906999673694,0
240,25613.000000000000000,3175061001,JATINEGARA,317506.000000000000000,DKI JAKARTA,JAKARTA TIMUR,CAKUNG,JATINEGARA,105365.000000000000000,34673.000000000000000,6.680000000000000,15763.000000000000000,11514.080727436112284,6608870.809716564603150,1
241,25614.000000000000000,3175061002,RAWA TERATE,317506.000000000000000,DKI JAKARTA,JAKARTA TIMUR,CAKUNG,RAWA TERATE,31569.000000000000000,10651.000000000000000,4.150000000000000,7606.000000000000000,13063.010337001762309,4103955.316941628232598,3
242,25615.000000000000000,3175061003,PENGGILINGAN,317506.000000000000000,DKI JAKARTA,JAKARTA TIMUR,CAKUNG,PENGGILINGAN,120083.000000000000000,37680.000000000000000,4.420000000000000,27167.000000000000000,11393.875677050535160,4370341.372151388786733,3
243,25616.000000000000000,3175061004,CAKUNG TIMUR,317506.000000000000000,DKI JAKARTA,JAKARTA TIMUR,CAKUNG,CAKUNG TIMUR,73270.000000000000000,22810.000000000000000,9.130000000000001,8029.000000000000000,17111.189159064677369,9014469.534090060740709,0
244,25617.000000000000000,3175061005,PULO GEBANG,317506.000000000000000,DKI JAKARTA,JAKARTA TIMUR,CAKUNG,PULO GEBANG,117589.000000000000000,36633.000000000000000,6.930000000000000,16960.000000000000000,13269.936998016661164,6724103.675779660232365,1
245,25618.000000000000000,3175061006,UJUNG MENTENG,317506.000000000000000,DKI JAKARTA,JAKARTA TIMUR,CAKUNG,UJUNG MENTENG,36390.000000000000000,11316.000000000000000,3.830000000000000,9495.000000000000000,9901.786363340330354,3789778.993450074456632,1
246,25619.000000000000000,3175061007,CAKUNG BARAT,317506.000000000000000,DKI JAKARTA,JAKARTA TIMUR,CAKUNG,CAKUNG BARAT,72686.000000000000000,23375.000000000000000,6.110000000000000,11903.000000000000000,13786.542477663446334,6038402.837440780363977,2
247,25621.000000000000000,3175071002,PONDOK BAMBU,317507.000000000000000,DKI JAKARTA,JAKARTA TIMUR,DUREN SAWIT,PONDOK BAMBU,75193.000000000000000,23926.000000000000000,4.640000000000000,16195.000000000000000,9466.519020054376597,4590000.663732502609491,0
248,25623.000000000000000,3175071004,PONDOK KELAPA,317507.000000000000000,DKI JAKARTA,JAKARTA TIMUR,DUREN SAWIT,PONDOK KELAPA,86731.000000000000000,26504.000000000000000,5.880000000000000,14762.000000000000000,11619.842959642593996,5794943.425634905695915,0
249,25624.000000000000000,3175071005,MALAKA SARI,317507.000000000000000,DKI JAKARTA,JAKARTA TIMUR,DUREN SAWIT,MALAKA SARI,33599.000000000000000,10544.000000000000000,1.280000000000000,26234.000000000000000,5007.027423736371020,1266219.359625051729381,0
250,25625.000000000000000,3175071006,MALAKA JAYA,317507.000000000000000,DKI JAKARTA,JAKARTA TIMUR,DUREN SAWIT,MALAKA JAYA,38024.000000000000000,12060.000000000000000,1.110000000000000,34202.000000000000000,5114.151657246533432,1099147.750805158633739,0
251,25630.000000000000000,3175081004,HALIM PERDANA KUSUMA,317508.000000000000000,DKI JAKARTA,JAKARTA TIMUR,MAKASAR,HALIM PERDANA KUSUMA,35653.000000000000000,9536.000000000000000,13.140000000000001,2713.000000000000000,20118.730805877385137,12974163.359069125726819,0
252,25631.000000000000000,3175081005,CIPINANG MELAYU,317508.000000000000000,DKI JAKARTA,JAKARTA TIMUR,MAKASAR,CIPINANG MELAYU,52190.000000000000000,16506.000000000000000,2.480000000000000,21027.000000000000000,13640.351284761998613,2344839.337095036171377,0
253,25633.000000000000000,3175091002,CIBUBUR,317509.000000000000000,DKI JAKARTA,JAKARTA TIMUR,CIRACAS,CIBUBUR,79968.000000000000000,24727.000000000000000,4.860000000000000,16441.000000000000000,14688.652888890301256,4790142.401541424915195,0
254,25634.000000000000000,3175091003,KELAPA DUA WETAN,317509.000000000000000,DKI JAKARTA,JAKARTA TIMUR,CIRACAS,KELAPA DUA WETAN,56330.000000000000000,18155.000000000000000,3.410000000000000,16501.000000000000000,8887.576936972865951,3373236.839780255686492,0
255,25635.000000000000000,3175091004,SUSUKAN,317509.000000000000000,DKI JAKARTA,JAKARTA TIMUR,CIRACAS,SUSUKAN,46394.000000000000000,15052.000000000000000,2.430000000000000,19122.000000000000000,7851.671483060989885,2397621.486359897069633,1
256,25636.000000000000000,3175091005,RAMBUTAN,317509.000000000000000,DKI JAKARTA,JAKARTA TIMUR,CIRACAS,RAMBUTAN,45470.000000000000000,14194.000000000000000,2.570000000000000,17671.000000000000000,11459.998267329816372,2542905.103403050918132,4
257,25638.000000000000000,3175101002,CILANGKAP,317510.000000000000000,DKI JAKARTA,JAKARTA TIMUR,CIPAYUNG,CILANGKAP,33198.000000000000000,9999.000000000000000,5.530000000000000,5999.000000000000000,15301.035366206111576,5467977.144643505103886,0
258,25639.000000000000000,3175101003,PONDOK RANGGON,317510.000000000000000,DKI JAKARTA,JAKARTA TIMUR,CIPAYUNG,PONDOK RANGGON,30351.000000000000000,9097.000000000000000,4.700000000000000,6458.000000000000000,17062.567343621842156,4567045.716376346535981,0
259,25640.000000000000000,3175101004,MUNJUL,317510.000000000000000,DKI JAKARTA,JAKARTA TIMUR,CIPAYUNG,MUNJUL,28722.000000000000000,8889.000000000000000,2.070000000000000,13848.000000000000000,6429.442370881885836,2049410.279174842173234,0
260,25641.000000000000000,3175101005,SETU,317510.000000000000000,DKI JAKARTA,JAKARTA TIMUR,CIPAYUNG,SETU,24722.000000000000000,7529.000000000000000,2.940000000000000,8406.000000000000000,10305.544795745063311,2900511.646048041991889,0
261,25642.000000000000000,3175101006,BAMBU APUS,317510.000000000000000,DKI JAKARTA,JAKARTA TIMUR,CIPAYUNG,BAMBU APUS,31774.000000000000000,9996.000000000000000,3.080000000000000,10308.000000000000000,10216.601189947743478,3046303.407552857883275,0
262,25643.000000000000000,3175101007,LUBANG BUAYA,317510.000000000000000,DKI JAKARTA,JAKARTA TIMUR,CIPAYUNG,LUBANG BUAYA,77650.000000000000000,23362.000000000000000,3.710000000000000,20940.000000000000000,12871.416203169785149,3660897.499223904218525,0
263,25644.000000000000000,3175101008,CEGER,317510.000000000000000,DKI JAKARTA,JAKARTA TIMUR,CIPAYUNG,CEGER,23042.000000000000000,7242.000000000000000,3.150000000000000,7321.000000000000000,9879.792603547277395,3110597.495841782074422,0
